
INSERT INTO Ciala_niebieskie VALUES ('Galaktyka Andromedy');
INSERT INTO Ciala_niebieskie VALUES (N'Galaktyka Trójkata');
INSERT INTO Ciala_niebieskie VALUES ('Droga Mleczna');
INSERT INTO Ciala_niebieskie VALUES (N'Karze³ Tukana');
INSERT INTO Ciala_niebieskie VALUES (N'Karze³ Wieloryba');
INSERT INTO Ciala_niebieskie VALUES (N'Ma³y Ob³ok Magellana');
INSERT INTO Ciala_niebieskie VALUES (N'Karze³ RzeŸbiarza');
INSERT INTO Ciala_niebieskie VALUES ('Messier 32');
INSERT INTO Ciala_niebieskie VALUES ('Messier 110');
INSERT INTO Ciala_niebieskie VALUES (N'Karze³ Pompy');
INSERT INTO Ciala_niebieskie VALUES ('Merkury');
INSERT INTO Ciala_niebieskie VALUES ('Wenus');
INSERT INTO Ciala_niebieskie VALUES ('Ziemia');
INSERT INTO Ciala_niebieskie VALUES ('Mars');
INSERT INTO Ciala_niebieskie VALUES ('Jowisz');
INSERT INTO Ciala_niebieskie VALUES ('Saturn');
INSERT INTO Ciala_niebieskie VALUES ('Uran');
INSERT INTO Ciala_niebieskie VALUES ('Neptun');
INSERT INTO Ciala_niebieskie VALUES ('Asel');
INSERT INTO Ciala_niebieskie VALUES ('Kantul');
INSERT INTO Ciala_niebieskie VALUES ('Tytania');
INSERT INTO Ciala_niebieskie VALUES ('Oberon');
INSERT INTO Ciala_niebieskie VALUES (N'Ksiê¿yc');
INSERT INTO Ciala_niebieskie VALUES ('Fobos');
INSERT INTO Ciala_niebieskie VALUES ('Deimos');
INSERT INTO Ciala_niebieskie VALUES ('Europa');
INSERT INTO Ciala_niebieskie VALUES ('Elara');
INSERT INTO Ciala_niebieskie VALUES ('Leda');
INSERT INTO Ciala_niebieskie VALUES ('Atlas');
INSERT INTO Ciala_niebieskie VALUES ('Ariel');
INSERT INTO Ciala_niebieskie VALUES ('Porcja');
INSERT INTO Ciala_niebieskie VALUES ('Ferdynand');
INSERT INTO Ciala_niebieskie VALUES ('Stefano');
INSERT INTO Ciala_niebieskie VALUES ('Aleja');
INSERT INTO Ciala_niebieskie VALUES ('Bennu');
INSERT INTO Ciala_niebieskie VALUES ('Gaspra');
INSERT INTO Ciala_niebieskie VALUES ('Ida');
INSERT INTO Ciala_niebieskie VALUES ('Braille');
INSERT INTO Ciala_niebieskie VALUES ('Toutatis');
INSERT INTO Ciala_niebieskie VALUES ('Masursky');
INSERT INTO Ciala_niebieskie VALUES ('Ikar');
INSERT INTO Ciala_niebieskie VALUES ('Cerberus');
INSERT INTO Ciala_niebieskie VALUES ('Eger');
INSERT INTO Ciala_niebieskie VALUES ('Tantalus');
INSERT INTO Ciala_niebieskie VALUES ('Orpheus');
INSERT INTO Ciala_niebieskie VALUES ('Cuno');
INSERT INTO Ciala_niebieskie VALUES (N'S³oñce');
INSERT INTO Ciala_niebieskie VALUES ('Wega');
INSERT INTO Ciala_niebieskie VALUES ('Altair');
INSERT INTO Ciala_niebieskie VALUES ('Wezen');
INSERT INTO Ciala_niebieskie VALUES ('Mizar');
INSERT INTO Ciala_niebieskie VALUES ('Zosma');
INSERT INTO Ciala_niebieskie VALUES ('Acrab');
INSERT INTO Ciala_niebieskie VALUES ('Ankaa');
INSERT INTO Ciala_niebieskie VALUES ('Polluks');
INSERT INTO Ciala_niebieskie VALUES ('Enif');
INSERT INTO Ciala_niebieskie VALUES ('Phecda');
INSERT INTO Ciala_niebieskie VALUES ('Camelia');
INSERT INTO Ciala_niebieskie VALUES (N'D¿amson');





INSERT Rakiety DEFAULT VALUES;
INSERT Rakiety DEFAULT VALUES;
INSERT Rakiety DEFAULT VALUES;
INSERT Rakiety DEFAULT VALUES;
INSERT Rakiety DEFAULT VALUES;
INSERT Rakiety DEFAULT VALUES;
INSERT Rakiety DEFAULT VALUES;
INSERT Rakiety DEFAULT VALUES;
INSERT Rakiety DEFAULT VALUES;
INSERT Rakiety DEFAULT VALUES;

INSERT INTO Galaktyki VALUES ('Galaktyka Andromedy','spiralna',195);
INSERT INTO Galaktyki VALUES (N'Galaktyka Trójkata','spiralna',60);
INSERT INTO Galaktyki VALUES ('Droga Mleczna','spiralna',100);
INSERT INTO Galaktyki VALUES (N'Karze³ Tukana','eliptyczna',30);
INSERT INTO Galaktyki VALUES (N'Karze³ Wieloryba','eliptyczna',15);
INSERT INTO Galaktyki VALUES (N'Ma³y Ob³ok Magellana','spiralna',7);
INSERT INTO Galaktyki VALUES (N'Karze³ RzeŸbiarza','eliptyczna',3);
INSERT INTO Galaktyki VALUES ('Messier 32','eliptyczna',8);
INSERT INTO Galaktyki VALUES ('Messier 110','eliptyczna',17);
INSERT INTO Galaktyki VALUES (N'Karze³ Pompy','eliptyczna',5);

INSERT INTO Planety VALUES ('Merkury',0.0552,'znikoma','Droga Mleczna');
INSERT INTO Planety VALUES ('Wenus',0.8149,'CO2, N2','Droga Mleczna');
INSERT INTO Planety VALUES ('Ziemia',1.0000,'N2, O2, Ar','Droga Mleczna');
INSERT INTO Planety VALUES ('Mars',0.1074,'CO2, N2, Ar','Droga Mleczna');
INSERT INTO Planety VALUES ('Jowisz',317.8,'H2, He','Droga Mleczna');
INSERT INTO Planety VALUES ('Saturn',95.1620,'H2, He','Droga Mleczna');
INSERT INTO Planety VALUES ('Uran',14.5360,'H2, He, CH4','Droga Mleczna');
INSERT INTO Planety VALUES ('Neptun',17.1470,'H2, He, CH4','Droga Mleczna');
INSERT INTO Planety VALUES ('Asel',6.3232,'H2, He, CH4',N'Karze³ RzeŸbiarza');
INSERT INTO Planety VALUES ('Kantul',4.1123,'H2, He',N'Karze³ Pompy');
INSERT INTO Planety VALUES ('Tytania',0.0023,'H2, He, CH4',N'Karze³ Pompy');
INSERT INTO Planety VALUES ('Oberon',10.1299,'H2, He','Galaktyka Andromedy');


INSERT INTO Ksiezyce VALUES (N'Ksiê¿yc','Ziemia','Droga Mleczna');
INSERT INTO Ksiezyce VALUES ('Fobos','Mars','Droga Mleczna');
INSERT INTO Ksiezyce VALUES ('Deimos','Mars','Droga Mleczna');
INSERT INTO Ksiezyce VALUES ('Europa','Jowisz','Droga Mleczna');
INSERT INTO Ksiezyce VALUES ('Elara','Jowisz','Droga Mleczna');
INSERT INTO Ksiezyce VALUES ('Leda','Jowisz','Droga Mleczna');
INSERT INTO Ksiezyce VALUES ('Atlas','Saturn','Droga Mleczna');
INSERT INTO Ksiezyce VALUES ('Ariel','Uran','Droga Mleczna');
INSERT INTO Ksiezyce VALUES ('Porcja','Uran','Droga Mleczna');
INSERT INTO Ksiezyce VALUES ('Ferdynand','Uran','Droga Mleczna');
INSERT INTO Ksiezyce VALUES ('Stefano','Uran','Droga Mleczna');
INSERT INTO Ksiezyce VALUES ('Aleja','Oberon','Galaktyka Andromedy');




INSERT INTO Loty (id_rakiety,przebieg_lotu,cel_lotu,data_lotu,czy_zakonczono_powodzeniem,nazwa_ksiezyca,nazwa_planety) VALUES (1,N'Podczas lotu wyst¹pi³y turbulencje. Ogó³em lot byl udany.',N'Lot na Ksiê¿yc','1959-12-20',1,N'Ksiê¿yc',NULL);
INSERT INTO Loty (id_rakiety,przebieg_lotu,cel_lotu,data_lotu,czy_zakonczono_powodzeniem,nazwa_ksiezyca,nazwa_planety) VALUES (2,'Lot idealny.','Lot na Saturna','1969-10-21',1,NULL,'Saturn');
INSERT INTO Loty (id_rakiety,przebieg_lotu,cel_lotu,data_lotu,czy_zakonczono_powodzeniem,nazwa_ksiezyca,nazwa_planety) VALUES (3,'Lot z komplikacjami.','Lot na Uran','1960-12-10',1,NULL,'Uran');
INSERT INTO Loty (id_rakiety,przebieg_lotu,cel_lotu,data_lotu,czy_zakonczono_powodzeniem,nazwa_ksiezyca,nazwa_planety) VALUES (4,N'Dosz³o do zderzenia z asteroid¹. Rakieta zosta³a rozbita.',NULL,'1977-01-20',0,'Stefano',NULL);
INSERT INTO Loty (id_rakiety,przebieg_lotu,cel_lotu,data_lotu,czy_zakonczono_powodzeniem,nazwa_ksiezyca,nazwa_planety) VALUES (5,N'Lot zakoñczony w pierwszych kilometrach.',NULL,'1973-09-02',0,'Europa',NULL);
INSERT INTO Loty (id_rakiety,przebieg_lotu,cel_lotu,data_lotu,czy_zakonczono_powodzeniem,nazwa_ksiezyca,nazwa_planety) VALUES (3,N'Podczas lotu wyst¹pi³y turbulencje. Ogó³em lot by³ udany.',NULL,'1999-07-06',1,NULL,'Mars');
INSERT INTO Loty (id_rakiety,przebieg_lotu,cel_lotu,data_lotu,czy_zakonczono_powodzeniem,nazwa_ksiezyca,nazwa_planety) VALUES (6,N'Utrata ³¹cznoœci.','Lot na Marsa','2001-03-04',0,NULL,'Mars');
INSERT INTO Loty (id_rakiety,przebieg_lotu,cel_lotu,data_lotu,czy_zakonczono_powodzeniem,nazwa_ksiezyca,nazwa_planety) VALUES (7,N'Podczas lotu wyst¹pi³y turbulencje. Ogó³em lot by³ udany.',NULL,'2003-05-16',1,NULL,'Jowisz');
INSERT INTO Loty (id_rakiety,przebieg_lotu,cel_lotu,data_lotu,czy_zakonczono_powodzeniem,nazwa_ksiezyca,nazwa_planety) VALUES (8,'Lot nieudany.',NULL,'1994-08-16',0,NULL,'Jowisz');
INSERT INTO Loty (id_rakiety,przebieg_lotu,cel_lotu,data_lotu,czy_zakonczono_powodzeniem,nazwa_ksiezyca,nazwa_planety) VALUES (9,NULL,'Kolejny lot na Marsa','1998-11-24',0,NULL,'Mars');



INSERT INTO Asteroidy VALUES ('Bennu',1);
INSERT INTO Asteroidy VALUES ('Gaspra',1);
INSERT INTO Asteroidy VALUES ('Ida',1);
INSERT INTO Asteroidy VALUES ('Braille',1);
INSERT INTO Asteroidy VALUES ('Toutatis',0);
INSERT INTO Asteroidy VALUES ('Masursky',0);
INSERT INTO Asteroidy VALUES ('Ikar',1);
INSERT INTO Asteroidy VALUES ('Cerberus',1);
INSERT INTO Asteroidy VALUES ('Eger',1);
INSERT INTO Asteroidy VALUES ('Tantalus',1);
INSERT INTO Asteroidy VALUES ('Orpheus',1);
INSERT INTO Asteroidy VALUES ('Cuno',1);




INSERT INTO Sondy_kosmiczne VALUES ('Mariner 2','Przeprowadzanie badan na Wenus','Wenus');
INSERT INTO Sondy_kosmiczne VALUES ('Pioneer 11','Przeprowadzanie badan na Jowiszu i Saturnie','Jowisz');
INSERT INTO Sondy_kosmiczne VALUES ('Lunochod 2',N'Przeprowadzanie badan na Ksiê¿ycu',N'Ksiê¿yc');
INSERT INTO Sondy_kosmiczne VALUES ('Galileo','Przeprowadzanie badania na Jowiszu','Jowisz');
INSERT INTO Sondy_kosmiczne VALUES ('Planck',N'Pomiary kosmicznego mikrofalowego promieniowania t³a','Ziemia');
INSERT INTO Sondy_kosmiczne VALUES ('WMAP',N'Badanie niejednorodnoœci promieniowania t³a','Ziemia');
INSERT INTO Sondy_kosmiczne VALUES ('Rosetta',N'Badanie i obserwacja Cerberus','Cerberus');
INSERT INTO Sondy_kosmiczne VALUES ('Mars Exploration Rover',NULL,'Mars');
INSERT INTO Sondy_kosmiczne VALUES ('New Horizons',NULL,'Bennu');
INSERT INTO Sondy_kosmiczne VALUES ('Teleskop Hubbla',N'Badania wszechœwiata','Kantul');
INSERT INTO Sondy_kosmiczne VALUES ('Cassini-Huygens',NULL,'Ikar');
INSERT INTO Sondy_kosmiczne VALUES ('COBE',NULL,'Porcja');
INSERT INTO Sondy_kosmiczne VALUES ('Lunochod 3',NULL,'Oberon');
INSERT INTO Sondy_kosmiczne VALUES ('Pioneer 10',NULL,'Gaspra');
INSERT INTO Sondy_kosmiczne VALUES ('Rosetta 2',NULL,'Zosma');


INSERT INTO Satelity_sztuczne VALUES ('Sputnik 1',NULL,'Ziemia','Pierwszy sztuczny satelita Ziemi (1957 r.)');
INSERT INTO Satelity_sztuczne VALUES ('Sputnik 2',NULL,N'Ksiê¿yc',N'Pierwszy sztuczny satelita z ¿ywym zwierzêciem na pok³adzie (pies £ajka, wys³any bez mo¿liwoœci powrotu na Ziemiê) (1957 r.)');
INSERT INTO Satelity_sztuczne VALUES ('Wostok 1',NULL,'Ziemia',N'Pierwszy sztuczny satelita Ziemi z ludzk¹ za³og¹ (J. Gagarin, 1961 r.).');
INSERT INTO Satelity_sztuczne VALUES ('Luna 10',NULL,N'Ksiê¿yc',N'Pierwszy sztuczny satelita Ksiê¿yca (1966 r.).');
INSERT INTO Satelity_sztuczne VALUES ('Explorer 1',N'Odkrycie pasów radiacji.','Saturn',NULL);
INSERT INTO Satelity_sztuczne VALUES ('Dawn',NULL,'Mars',NULL);
INSERT INTO Satelity_sztuczne VALUES ('Cassini','Badania Saturna.','Saturn','Pierwszy sztuczny satelita Saturna (2004 r.).');
INSERT INTO Satelity_sztuczne VALUES ('STS 1',NULL,'Uran',N'Pierwszy lot systemu wielokrotnego u¿ytku (wahad³owiec Columbia, 1981 r.).');
INSERT INTO Satelity_sztuczne VALUES ('Rosetta',N'Obserwacje zmian aktywnoœci asteroidy.','Gaspra','Pierwszy sztuczny satelita komety (kometa 67/P 2014 r.).');
INSERT INTO Satelity_sztuczne VALUES ('Gemini 8',N'Po³¹czenie dwóch satelitów na orbicie.','Cuno',NULL);
INSERT INTO Satelity_sztuczne VALUES ('Tiros 1', 'Ziemia', NULL, NULL);

INSERT INTO Gwiazdy VALUES (N'S³oñce','Droga Mleczna',1);
INSERT INTO Gwiazdy VALUES ('Wega','Droga Mleczna',2.15);
INSERT INTO Gwiazdy VALUES ('Altair',N'Galaktyka Trójkata',1.79);
INSERT INTO Gwiazdy VALUES ('Wezen',N'Galaktyka Trójkata',14.9);
INSERT INTO Gwiazdy VALUES ('Mizar',N'Galaktyka Trójkata',2.5);
INSERT INTO Gwiazdy VALUES ('Zosma',N'Karze³ Pompy',2.2);
INSERT INTO Gwiazdy VALUES ('Acrab',N'Karze³ Pompy',15.0);
INSERT INTO Gwiazdy VALUES ('Ankaa',N'Karze³ Pompy',2.5);
INSERT INTO Gwiazdy VALUES ('Polluks',N'Karze³ Wieloryba',1.47);
INSERT INTO Gwiazdy VALUES ('Enif',N'Karze³ Wieloryba',10);
INSERT INTO Gwiazdy VALUES ('Phecda',N'Karze³ Wieloryba',2.94);
INSERT INTO Gwiazdy VALUES ('Camelia',N'Ma³y Ob³ok Magellana',15.16);
INSERT INTO Gwiazdy VALUES (N'D¿amson',N'Ma³y Ob³ok Magellana',16.15);

INSERT INTO Astronauci (nazwisko,imie) VALUES ('Acaba','Joseph');
INSERT INTO Astronauci (nazwisko,imie) VALUES ('Bagian','James');
INSERT INTO Astronauci (nazwisko,imie) VALUES ('Baker','Ellen');
INSERT INTO Astronauci (nazwisko,imie) VALUES ('Bondar','Roberta');
INSERT INTO Astronauci (nazwisko,imie) VALUES ('Bridgeds','Royd');
INSERT INTO Astronauci (nazwisko,imie) VALUES ('Chawla','Kalpana');
INSERT INTO Astronauci (nazwisko,imie) VALUES ('Fisher','Anna');
INSERT INTO Astronauci (nazwisko,imie) VALUES ('Frick','Stephen');
INSERT INTO Astronauci (nazwisko,imie) VALUES ('Gardner','Guy');
INSERT INTO Astronauci (nazwisko,imie) VALUES ('Helms','Susan');
INSERT INTO Astronauci (nazwisko,imie) VALUES ('Hurley','Douglas');
INSERT INTO Astronauci (nazwisko,imie) VALUES ('Ivins','Marsha');
INSERT INTO Astronauci (nazwisko,imie) VALUES ('Jett','Brent');
INSERT INTO Astronauci (nazwisko,imie) VALUES ('Ohoa','Ellen');
INSERT INTO Astronauci (nazwisko,imie) VALUES ('Smith','Steven');



INSERT INTO Wykonuje (id_lotu,id_astronauty) VALUES (1,2);
INSERT INTO Wykonuje (id_lotu,id_astronauty) VALUES (1,3);
INSERT INTO Wykonuje (id_lotu,id_astronauty) VALUES (1,4);
INSERT INTO Wykonuje (id_lotu,id_astronauty) VALUES (2,1);
INSERT INTO Wykonuje (id_lotu,id_astronauty) VALUES (3,2);
INSERT INTO Wykonuje (id_lotu,id_astronauty) VALUES (3,4);
INSERT INTO Wykonuje (id_lotu,id_astronauty) VALUES (3,5);
INSERT INTO Wykonuje (id_lotu,id_astronauty) VALUES (4,6);
INSERT INTO Wykonuje (id_lotu,id_astronauty) VALUES (4,7);
INSERT INTO Wykonuje (id_lotu,id_astronauty) VALUES (4,8);
INSERT INTO Wykonuje (id_lotu,id_astronauty) VALUES (4,9);
INSERT INTO Wykonuje (id_lotu,id_astronauty) VALUES (5,15);
INSERT INTO Wykonuje (id_lotu,id_astronauty) VALUES (5,14);
INSERT INTO Wykonuje (id_lotu,id_astronauty) VALUES (5,11);
INSERT INTO Wykonuje (id_lotu,id_astronauty) VALUES (6,11);
INSERT INTO Wykonuje (id_lotu,id_astronauty) VALUES (6,9);
INSERT INTO Wykonuje (id_lotu,id_astronauty) VALUES (7,7);
INSERT INTO Wykonuje (id_lotu,id_astronauty) VALUES (7,8);
INSERT INTO Wykonuje (id_lotu,id_astronauty) VALUES (8,10);
INSERT INTO Wykonuje (id_lotu,id_astronauty) VALUES (8,12);
INSERT INTO Wykonuje (id_lotu,id_astronauty) VALUES (8,13);
INSERT INTO Wykonuje (id_lotu,id_astronauty) VALUES (8,14);
INSERT INTO Wykonuje (id_lotu,id_astronauty) VALUES (9,14);
INSERT INTO Wykonuje (id_lotu,id_astronauty) VALUES (10,1);
INSERT INTO Wykonuje (id_lotu,id_astronauty) VALUES (10,3);










